,TA_CRW_6,TA_CRW_9
0,1.5260814276240573,0.13124294277564813
1,-1.99511503183234,-0.11668522333218645
2,1.2483370917984529,0.3107647429154709
3,0.4784708827972474,-0.08604979861210656
4,-0.5473627743381774,1.1311714961500203
5,-0.020000333348333125,0.020000333348333125
6,-0.12336649646075368,-0.5357225874168552
7,-0.47410868706185394,-0.03464274843605503
8,-1.3589145147650783,-0.014142253477512098
9,-2.981421493522475,-0.04000266714678156
10,-0.12578094955366545,-0.1857392477529288
11,0.7245466160388286,-0.1393967170116954
12,-0.7323577809799442,0.6540931795733799
13,-0.2227211564909491,-0.3239043758049637
14,-1.4671106439961124,0.2048082525719906
15,0.302146347604166,0.04899469515834575
16,-0.11839072552777699,-0.0
17,0.6840812317953292,0.24597652554724064
18,1.3508266813986058,-0.07212665871195886
19,0.2823620215048107,1.3339892628357142
20,-0.3353353615154728,-0.45899096605859724
21,-0.8558193921884043,-0.6560629080137327
22,0.29638003556918535,0.04899469515834575
23,0.143650481333612,1.129181418485517
24,0.6621047905587657,-0.08720560886095623
25,0.2816433203082061,0.014142253477512098
26,-0.9058714694112119,-0.0
27,-0.05292120158645468,0.13648773466080505
28,-0.03162409436562762,0.2245248770140689
29,-0.06165390452676007,0.6859778778485937
30,-1.1493287955957183,-2.090127953801132
31,0.6408296812686505,0.15047488846506493
32,0.2195295842499295,-0.21110485435582224
33,0.2106270867129963,0.06165390452676007
34,1.0252326775264875,-0.745866741554463
35,-1.3922491845930993,-0.05657608768384101
36,0.20431597740855273,-0.09801882393496102
37,-0.398871155021438,0.3507944536956752
38,-0.24015970570174808,-0.020000333348333125
39,-0.28663739712945074,0.06481875364241477
40,0.47301233485851,-0.45171457072797555
41,-0.5464012849242398,0.14913481150507227
42,0.03162409436562762,0.44595306774299537
43,0.3686907261579607,0.260349769837209
44,0.8904014762571845,0.0
45,1.7413215726301305,0.179685214256517
46,0.2443284289352495,-0.05657608768384101
47,-0.3536929665977504,0.05657608768384101
48,-0.21906991176219945,-0.2176851640550402
49,0.32106457676112066,-0.13276247241032277
50,-1.010898061409467,-0.0
51,0.2754606772936258,0.014142253477512098
52,0.4690458582650856,0.13200488134077892
53,-1.640352399156023,-0.1393967170116954
54,-1.5981997564243626,-0.49134302654251877
55,-2.9073913414750607,0.05292120158645468
56,-0.3673008570240098,-0.1415394733244273
57,-0.037418756845052345,0.1471019794720995
58,-0.21014824902445728,0.3812506976736283
59,0.2125318091054341,-0.21441986549960387
60,1.8095584007275445,0.05099572069011084
61,2.9789326237327076,0.014142253477512098
62,0.9051088168098309,-0.14011458617610073
63,-0.5345460165691132,0.04242958949623217
64,2.5903989859112837,0.3780125144673411
65,1.2445390420171425,-0.6317419875668574
66,0.6740504024638885,0.06165390452676007
67,-0.8604452158397711,0.05477910459422107
68,-0.9559903970379048,0.04000266714678156
69,-0.04000266714678156,0.0
70,-0.6740504024638885,0.04000266714678156
71,-0.06165390452676007,0.0469084582105005
72,1.362902026302618,0.6985119006562563
73,-0.49766421889048507,-0.23847221332777646
74,-0.2195295842499295,-0.07617614786314257
75,-0.06481875364241477,0.20033484232311968
76,-0.3505033390584034,-0.014142253477512098
77,0.28092282941971164,0.15954292888895208
78,-1.4619817151518768,0.08947256020449472
79,0.4289571236631358,-0.283794109208328
80,0.7495434423427106,0.08604979861210656
81,0.2891029618314186,-0.2841510336814866
82,0.11839072552777699,-0.028285214141364843
83,-0.0469084582105005,0.2176851640550402
84,-3.12159232024146,-0.1518032246824501
85,-0.07747904492388095,0.08369042447459077
86,-2.0338698009464427,1.0670612786195872
87,0.3934288924832128,-0.06783630602888531
88,0.8699038951236698,1.4750501041520636
89,-0.10959935783163949,0.5616077532934385
90,-0.19780650459476903,-0.037418756845052345
91,0.2661145140191579,-0.06325609887514339
92,-2.6139571713250107,0.014142253477512098
93,-0.35856891362309845,0.14224660000868797
94,0.9115769233829636,0.1576433426742278
95,0.4175135319765591,-3.09686756642106
96,0.1722594057539135,-0.014142253477512098
97,-2.345354000923514,0.17799878013481657
98,-0.1068215637959927,0.037418756845052345
99,-0.2125318091054341,-0.398871155021438
100,0.8033495297193471,-0.3178805297341272
101,1.0454646326285366,-0.014142253477512098
102,2.468664554777526,-0.28734394299515853
103,-0.3440390741549499,0.028285214141364843
104,0.13500989043024517,0.05477910459422107
105,0.34933655479479053,-1.791688289210165
106,-1.5069529649767577,0.21582523404345952
107,1.5305854914453845,0.04000266714678156
108,0.3074776639800238,-0.12736529104330555
109,0.6185846660645491,0.1335157899915857
110,0.9501021451263304,-0.024495509841604958
111,-0.6872398705396934,0.014142253477512098
112,-0.12657558596272397,0.25405991574677567
113,-0.8407555772067556,0.26838654834712694
114,-0.22044609997549328,0.014142253477512098
115,1.389504885653156,0.8037662945796822
116,-1.3949921250578043,0.06165390452676007
117,0.037418756845052345,-0.028285214141364843
118,-0.49070679972034514,-0.3038221204244458
119,-0.13648773466080505,0.30079921453011066
120,0.06634466278829072,0.8283397227794219
121,1.300517657172887,0.6099092538273526
122,-0.20431597740855273,-0.05477910459422107
123,0.4823657231831412,0.09168362228066593
124,-1.5373901137247508,-0.48900647850603907
125,1.6780015597670264,-0.05831778262488458
126,-0.5162021354407995,-0.15507467296433847
127,-0.8299671510199993,-0.13124294277564813
128,-0.014142253477512098,0.0
129,-0.43302633125860374,-0.08002134870797761
130,0.03162409436562762,-0.06783630602888531
131,0.15047488846506493,0.05099572069011084
132,0.8441056030561208,-0.0469084582105005
133,2.9826804182692337,0.11319751182365446
134,-0.05831778262488458,1.5098586194071435
135,-0.9849557334348817,0.1518032246824501
136,-2.2459278597319283,-0.07350123639177734
137,0.06481875364241477,0.0
138,-0.4721335591684689,0.23116561327398866
139,0.028285214141364843,0.1304765805492272
140,0.30415620116915837,-0.24964576524113105
141,0.4725731358427171,-0.0
142,0.7057890247659133,-0.024495509841604958
143,-0.13648773466080505,-0.22044609997549328
144,-0.1757252958309337,-0.25246351037472314
145,-1.9261265724983954,0.11141290122941687
146,0.6464951371337918,-0.03464274843605503
147,-1.7294612086995174,0.14980633720639824
148,-0.8142692441768362,-0.11050983462600854
149,1.9741444722228731,0.3487517590510959
150,-1.300517657172887,-0.2901533970886025
151,-0.4263047067195291,0.037418756845052345
152,-0.32264522096996784,-0.6158201148945963
153,0.5677742031958409,-0.2634396346036375
154,0.15891223532055967,0.1857392477529288
155,-0.9149881086859014,0.07876043412820773
156,0.16389041501823667,-0.04000266714678156
157,-0.10959935783163949,-0.08369042447459077
158,-0.23677292485086152,0.05292120158645468
159,0.1757252958309337,0.06783630602888531
160,0.07350123639177734,0.014142253477512098
161,2.0943951023931957,-0.024495509841604958
162,-0.28343674741652364,0.19576063579821767
163,-1.1375713753108931,-0.11839072552777699
164,-1.0462735441667754,-0.17284183171034884
165,0.024495509841604958,-0.06000900364695427
166,-1.9163312160590404,0.06481875364241477
167,0.19524586236593036,-0.20382252992820493
168,-0.7414352895876503,0.13276247241032277
169,1.9042410993172232,0.05292120158645468
170,0.2302910539796431,0.0692958961970235
171,0.5880932667898047,0.15246308602121755
172,-0.03464274843605503,-0.028285214141364843
173,-0.6568821418571105,-0.14573112077897082
174,0.6418325853725915,0.0949039414973622
175,-0.32889448430290635,0.07617614786314257
176,1.6301311365495812,0.03464274843605503
177,-2.1137883841302054,-0.1175410535333189
178,0.9118299124304869,-0.028285214141364843
179,-0.0,0.1068215637959927
180,-0.559538807481844,0.12893026911800431
181,0.4468795602602344,0.08369042447459077
182,0.7104016588829564,-0.07212665871195886
183,0.6866091170757864,-0.17743311153641544
184,-0.9335306780945928,0.1557207803105392
185,0.3659059490405467,0.044725087168733454
186,0.08369042447459077,-0.06634466278829072
187,-0.014142253477512098,0.18410767156144364
188,-0.20083674098214638,0.07072541780250705
189,-0.06634466278829072,-0.7542285388476899
190,-0.6088609686470813,0.6308948308079625
191,-1.537290057732592,0.037418756845052345
192,1.1798105328442627,0.11668522333218645
193,1.8189349287440912,0.0938427456757846
194,-0.8734314493375602,-0.020000333348333125
195,0.896433172720163,-0.014142253477512098
196,-0.1645021873823577,0.014142253477512098
197,1.5146668586281613,0.3175604292915215
198,-0.5254466271280045,-1.4051397043167162
199,-0.6774078985258423,0.20183684454054424
200,0.014142253477512098,-0.044725087168733454
201,-2.5164847830013457,-0.10396987073734923
202,-0.40904770644949706,-0.044725087168733454
203,0.19265162733112273,0.19729700053579027
204,-2.7126355299266574,-0.10587950213237296
205,0.2267596900367168,-0.23420131211473263
206,-2.7759662958880518,0.0
207,-0.35166641143500804,-0.07072541780250705
208,-0.3389629539152343,-0.32264522096996784
209,-1.1370204116966607,-0.28486357724914363
210,-0.40118214906607813,0.04242958949623217
211,0.8641326599878032,0.07072541780250705
212,0.901161136461496,-0.03162409436562762
213,-1.8992713927417395,0.06481875364241477
214,2.6521605860133475,-0.06634466278829072
215,0.0,-0.05292120158645468
216,-0.014142253477512098,-0.04000266714678156
217,0.3554212016902235,0.11923437096925123
218,0.05657608768384101,-0.04242958949623217
219,-1.5132645946648957,-0.2634396346036375
220,0.1740008932931967,0.465939228391109
221,-0.09168362228066593,0.09276944761291361
222,-0.41330104747914964,-0.2346318352516848
223,0.5149852237928804,0.175152362064083
224,-0.8762980611683406,-0.22853207394762423
225,1.545493626970999,0.028285214141364843
226,0.17108866494489416,0.04899469515834575
227,-0.2859291535516261,-0.3522465671768186
228,1.4188118805427505,0.34225576221352655
229,-1.7307778846514708,0.05292120158645468
230,-0.3466975240308121,0.03464274843605503
231,0.5934791330183289,-1.2298278198845747
232,-0.6821801639634032,-0.014142253477512098
233,-1.4747487194126834,0.07350123639177734
234,0.8674152372027216,0.0
235,-1.14175413114151,-0.05831778262488458
236,-2.2835241230011154,-0.08002134870797761
237,-0.020000333348333125,0.6810691506398054
238,-1.473744040251728,-0.7146845776985384
239,-0.2915482557912,0.0469084582105005
240,0.08947256020449472,0.0
241,0.04000266714678156,-0.0
242,3.041550939978253,-0.9904662545960612
243,0.11230873639886375,0.74571936947035
244,-0.10868128460750866,-0.14434733685361337
245,0.5001721829049754,-0.04899469515834575
246,1.5900975251719467,0.0
247,-2.65067369413006,0.03162409436562762
248,-0.17629638681133347,-0.4719136288780326
249,-0.07876043412820773,0.2884006058870193
250,0.10492901480724003,-0.7966583051615119
251,1.7199487303056837,-0.014142253477512098
252,-1.1203137703541124,0.04899469515834575
253,-0.1669270593010487,-0.014142253477512098
254,-0.43421635491755817,0.2645892450179759
255,0.19317322648245575,-0.028285214141364843
256,-0.741287205614605,0.0
257,-0.0,0.12815015596314205
258,-0.08947256020449472,-0.2115815592029719
259,0.3650665615418467,-0.6562268244959332
260,1.2341749309503436,0.0949039414973622
261,-1.4065589680139856,-0.014142253477512098
262,-1.1295132278840356,0.14846027099665982
263,-0.25525080834666336,-0.16872305419057573
264,-0.020000333348333125,-0.2698908663565959
265,-1.5547956440495747,-0.6873974831658464
266,2.3086481553772566,-0.12657558596272397
267,-0.3207475456891002,-1.1739626698505417
268,-1.0399075318406394,-0.028285214141364843
269,-0.0,0.2560417263350325
270,0.12255116315500007,-0.08720560886095623
271,0.35771307598635327,0.2783868164398802
272,0.6013015599579716,0.024495509841604958
273,-0.07747904492388095,-0.4812867376418082
274,-0.5170119621996779,-0.38844271452180995
275,-2.594806590654847,0.03464274843605503
276,0.2258683730893185,-0.13648773466080505
277,-0.10202463355852458,0.03162409436562762
278,0.05657608768384101,0.18519696790474272
279,-0.9979811587367886,-2.020612499491273
280,3.0925979584314476,-0.33685142472077534
281,0.11230873639886375,-0.014142253477512098
282,0.03464274843605503,0.014142253477512098
283,0.5625459370255447,0.12736529104330555
284,1.6028017906463474,-0.795678847776095
285,-0.5143757857450698,0.37392726446025254
286,-0.38552802199161207,0.11582309841104423
287,0.7204635357725319,-0.25761643714262183
288,-1.9848240570009366,0.028285214141364843
289,-0.2634396346036375,-0.8825288835939074
290,0.1249812877532134,0.10103802160852246
291,0.014142253477512098,-0.024495509841604958
292,0.2772930398364981,0.8368569172680332
293,-0.35599549441822526,0.17457756736609284
294,-0.11923437096925123,0.028285214141364843
295,-0.14778267439690224,0.4320721022377239
296,-1.0728753378085687,-0.5812080489053661
297,-0.3353353615154728,0.19983170004693926
298,0.9142308430721796,-0.028285214141364843
299,1.3788192728076227,0.36757923212356064
300,-0.0,0.09595343661503745
301,0.3952508660758853,-0.14980633720639824
302,-1.5912977629206693,0.22897306345934107
303,0.428235265957534,0.04000266714678156
304,0.21535778110397366,0.0
305,0.8364528258172883,0.020000333348333125
306,0.0,0.2869908814914456
307,-0.39133679400508475,0.037418756845052345
308,-1.0424567732767542,0.24266936457238647
309,-2.9624678387109036,-0.1471019794720995
310,0.41030300524484464,0.05292120158645468
311,-1.3952968133476533,-0.15442588416659223
312,-0.32327538993145327,2.3664196929065904
313,-0.7520353219184146,-0.0
314,-0.6550786750719828,-0.08369042447459077
315,0.020000333348333125,-0.03162409436562762
316,0.20676579724966626,-0.014142253477512098
317,-0.2350615843695043,0.044725087168733454
318,-0.020000333348333125,-0.08002134870797761
319,0.8430346830828748,-0.07617614786314257
320,0.9105644707074051,0.0
321,-0.24057976478957635,0.29638003556918535
322,0.19576063579821767,0.20627812800494127
323,-0.05831778262488458,0.2484285831859051
324,-0.2346318352516848,0.15636423944673383
325,0.9645338652535137,0.24308517114930733
326,2.4827478914691774,0.0
327,0.143650481333612,0.868332720980301
328,2.4019359561875273,-0.09595343661503745
329,-0.024495509841604958,-0.38366226995881253
330,-0.04000266714678156,0.08369042447459077
331,0.5098863158936005,0.22897306345934107
332,-0.2974055001806128,-0.08604979861210656
333,-2.081968592871501,-0.3159552273847605
334,0.26420658436860583,1.0065252897585277
335,-0.28663739712945074,0.06783630602888531
336,2.9468629080880824,0.07876043412820773
337,0.05477910459422107,0.18681913955500012
338,0.024495509841604958,0.4614675877298795
339,-1.6399514351818076,0.1740008932931967
340,0.5675882184166557,0.1249812877532134
341,0.08369042447459077,-0.21998831168738475
342,-0.014142253477512098,-0.0949039414973622
343,0.1900224234627107,0.0
344,-1.6539922679328811,0.07747904492388095
345,-0.3889704304385315,0.6005941268660511
346,-1.1899567757130103,0.16017116006731824
347,0.08002134870797761,0.35771307598635327
348,0.7088668721066159,-0.24597652554724064
349,-0.3996428911663767,-0.06325609887514339
350,-0.2891029618314186,-0.8812334394870378
351,-0.09276944761291361,-0.9662364730010499
352,-0.07212665871195886,-0.07876043412820773
353,1.4440573023419634,0.17284183171034884
354,1.1696216742924659,0.612001121648052
355,0.17799878013481657,-0.63949037405949
356,0.20233506770016965,1.033634032550821
357,0.5234495638853158,-2.5728893386517844
358,-2.90782264290875,0.0
359,2.427671328741127,-0.11582309841104423
360,0.6512940347450151,0.22897306345934107
361,-0.39368966363062663,-0.755250289230141
362,-0.31141812873122054,-0.05292120158645468
363,2.1183498671642367,0.0938427456757846
364,0.8353745270464973,0.0
365,0.6322498111660767,0.014142253477512098
366,1.6380470072597875,0.7569992868029293
367,0.2245248770140689,-0.0
368,-0.19729700053579027,0.19472974550171074
369,0.12970571624826369,0.05099572069011084
370,0.5258452146712037,-0.0
371,-0.491131035030584,-0.037418756845052345
372,-0.23634622980388523,-0.14434733685361337
373,-0.7057890247659133,-0.020000333348333125
374,-0.743653684300914,-0.5448597316848315
375,0.22809024675188688,-0.29774656007527334
376,-0.07485061981293262,0.0
377,-0.1910783932351501,0.13426490601813668
378,1.9259132548076696,0.19576063579821767
379,1.6283280589248974,0.05657608768384101
380,0.14295025232573835,-0.293973785177995
381,-1.4839873386671127,0.03464274843605503
382,0.2106270867129963,-0.03162409436562762
383,0.8084779986168388,0.05477910459422107
384,-0.11141290122941687,-0.08126274175655326
385,-0.272503926130514,0.0
386,0.339864033159885,0.08248549466933483
387,1.0544570152897834,0.04899469515834575
388,-1.0785576106321193,0.024495509841604958
389,-1.0537669332727686,2.517168651901974
390,0.8640011657666786,0.07617614786314257
391,0.3220138619676453,0.07072541780250705
392,2.216048586431358,-0.10959935783163949
393,-0.28663739712945074,0.08720560886095623
394,0.3136946100768077,0.07485061981293262
395,-1.175371790132563,0.13648773466080505
396,-0.22809024675188688,-0.024495509841604958
397,-0.1675278434993336,-0.07350123639177734
398,0.17284183171034884,0.10004171361154007
399,-0.7245466160388286,0.6511290592023736
400,-0.550238188098756,-0.06481875364241477
401,-0.22764757699348934,-0.33197657676436276
402,0.3123957283379777,0.11141290122941687
403,-0.26420658436860583,-0.1614203501484288
404,-0.13276247241032277,-0.04899469515834575
405,-0.5740657753508057,0.014142253477512098
406,0.044725087168733454,-0.020000333348333125
407,-0.39576997007849063,-0.5965121126681946
408,-0.21014824902445728,0.260349769837209
409,-2.946346791223863,0.13124294277564813
410,-0.0938427456757846,0.1857392477529288
411,0.5076280160310612,-0.32359003032227485
412,-1.919840741197943,-0.17686565285763697
413,-0.8509089460352823,0.05831778262488458
414,0.7501303662022044,-0.27983870714867987
415,1.0416460634363445,1.8904101874171004
416,-0.2997850131701291,0.024495509841604958
417,0.38366226995881253,1.5016412184079857
418,-0.17912481487888987,0.014142253477512098
419,-1.546593964090848,0.25957168867715924
420,-1.5734963300754075,0.46191655814214116
421,0.5546211722975634,-0.024495509841604958
422,0.43776824924751206,0.08248549466933483
423,-0.3793649536316183,-0.11495453714204225
424,-0.07876043412820773,-0.014142253477512098
425,-0.45056776276501964,-0.07072541780250705
426,-0.3431485308191841,-0.10959935783163949
427,0.3542699421385778,2.288026800409541
428,-0.39551049875436656,-0.23116561327398866
429,-0.1335157899915857,0.044725087168733454
430,0.7935768381108629,0.014142253477512098
431,0.47125326859549527,0.020000333348333125
432,1.012549496925458,2.3828476011048743
433,0.7651189139881397,0.0
434,0.6384843089305555,-0.06325609887514339
435,-0.3136946100768077,0.08248549466933483
436,0.05831778262488458,0.42847601194037566
437,-0.9427067614608736,0.13867515598225189
438,-0.4978736577094003,0.2072523353624738
439,-1.0297886775455745,0.05831778262488458
440,-0.46771678534094857,0.18135613443226578
441,1.1288495570297123,0.4610182115954393
442,-0.3975817779994991,-0.07876043412820773
443,0.759180991639916,-0.6714828104543319
444,1.608405191998694,-1.1282963387545983
445,-0.7334040974704966,0.1614203501484288
446,-1.6433599905155818,0.07485061981293262
447,-0.0,-0.10004171361154007
448,0.5657253768875106,-0.06783630602888531
449,-0.6342775962951233,-0.08947256020449472
450,-0.10775542078717872,-0.0
451,0.24057976478957635,0.31043755105234655
452,-0.9756861425658429,1.6849440505045674
453,1.1051504572545667,0.04242958949623217
454,-0.6308948308079625,-0.014142253477512098
455,-0.7565623413090258,0.34225576221352655
456,-1.2908542299070875,-0.0
457,0.496405886152005,0.1304765805492272
458,0.03464274843605503,-0.06165390452676007
459,0.5274368354423851,0.0
460,0.11839072552777699,0.2329050556155924
461,0.13722072506309496,0.15246308602121755
462,-0.603947964946255,-0.5427336703335427
463,-0.19678619451647922,-0.06481875364241477
464,-2.822434823753155,-0.21814770772210607
465,0.43111589451061694,-0.028285214141364843
466,-0.1645021873823577,-0.2974055001806128
467,-0.8305090888501787,-0.14082881993479093
468,0.4480351631210741,-0.15442588416659223
469,0.10202463355852458,-0.7824335060261809
470,1.9945664447435998,-0.24183564898036344
471,-0.25366173607545534,-0.03464274843605503
472,0.9753238172299595,-0.020000333348333125
473,0.23203693503754158,0.020000333348333125
474,1.4656024257545082,-0.06165390452676007
475,0.3094539669664273,0.06000900364695427
476,0.03464274843605503,-0.07617614786314257
477,0.1632763710855716,1.744569583286686
478,-0.29293666113283795,-0.08947256020449472
479,-0.8153687472764615,-0.08947256020449472
480,1.1251956277165887,-0.12578094955366545
481,-1.8042100332675566,0.020000333348333125
482,-1.1900644910480662,0.11923437096925123
483,-0.34522303353582123,0.2922432593697041
484,-1.4467786647093923,1.0410667496173516
485,0.8548919994307721,0.06000900364695427
486,0.18465311382502114,-0.028285214141364843
487,-1.5641962788779573,0.09168362228066593
488,-0.48215010405881875,0.04242958949623217
489,-0.8888567529990892,-0.5088609492898771
490,-0.4454891475622675,-0.16389041501823667
491,1.6459671006920833,0.13124294277564813
492,0.0692958961970235,0.20822204989562706
493,0.08002134870797761,0.28557439117210426
494,-2.2757519092748604,-0.1450408675118469
495,0.13124294277564813,0.08248549466933483
496,-0.8513078761201499,-0.2463868618217987
497,0.7628060668021386,-0.09168362228066593
498,0.4389462371409464,0.13648773466080505
499,0.0,-0.18735677841672702
500,-0.024495509841604958,3.0446010427360197
501,-0.48900647850603907,0.7424712078222695
502,-1.1329388914046705,-0.06783630602888531
503,-0.9415940354818815,-0.19780650459476903
504,-0.44199526671182,0.43776824924751206
505,0.4526300689801732,-0.16872305419057573
506,0.014142253477512098,-0.23591877746423096
507,-1.9391714090641825,0.04242958949623217
508,0.27435553591669054,-0.5452454872186283
509,-0.33775792019620515,0.37228120918892826
510,0.014142253477512098,-3.025769555178749
511,0.6770887416170075,-0.20431597740855273
512,-0.05099572069011084,-0.0
513,0.9645338652535137,-2.3707158215059394
514,-3.0521200933852985,-0.07485061981293262
515,0.8706887013331995,-0.04899469515834575
516,2.637887092047824,0.3197946319043285
517,0.6099092538273526,0.04899469515834575
518,-1.9932503889816524,0.12736529104330555
519,0.15312012572889822,-0.024495509841604958
520,1.5386908115436773,0.1942122744936877
521,-2.460047168072742,-0.09168362228066593
522,-0.5331703883394184,-0.024495509841604958
523,-0.08248549466933483,0.1335157899915857
524,-0.6381486507438815,0.0692958961970235
525,0.5601037422554614,-0.09801882393496102
526,-0.8871811135527932,0.39938580257788814
527,-0.476730426525393,0.10004171361154007
528,-0.32672035461420695,-0.13500989043024517
529,0.8756471606708754,-0.5417647979871644
530,2.4168951744247438,0.014142253477512098
531,1.4669095619820227,-0.014142253477512098
532,1.4238682533664782,0.20233506770016965
533,-0.5897135762930321,1.198130035418536
534,0.13276247241032277,0.0
535,-0.8290181127972112,0.2346318352516848
536,-0.15700508293439155,-0.25125969303858475
537,-0.028285214141364843,-0.12173039652915929
538,-0.44595306774299537,-0.08369042447459077
539,0.30448992672827807,0.10959935783163949
540,0.22720405974643307,-0.07876043412820773
541,-1.1443917483147699,-0.07485061981293262
542,0.4095502615533017,1.8574040942296863
543,0.830102660651163,0.014142253477512098
544,-1.0234770164047196,0.024495509841604958
545,0.4576348368352288,-0.024495509841604958
546,0.14295025232573835,-0.4877276637254343
547,1.0409508632764357,0.07747904492388095
548,1.8022575257805342,-0.05657608768384101
549,0.5636699181204868,0.3868554673112778
550,-0.23203693503754158,-0.15891223532055967
551,-0.8536985367830296,0.20773775029228278
552,-0.36952225269271854,-0.014142253477512098
553,1.2892931208894038,-0.08248549466933483
554,0.12657558596272397,-0.11582309841104423
555,-0.6307252815528984,-0.014142253477512098
556,0.9059985338352314,-0.07485061981293262
557,-1.4767577870611106,0.7997305160496936
558,0.23072874061649543,-2.436729151607711
559,0.10587950213237296,-0.3257843034282724
560,-0.08248549466933483,0.21860928826142934
561,2.40744193051367,-0.239738924836788
562,0.07350123639177734,0.3223296906611028
563,0.9863951946143721,-0.07212665871195886
564,-0.9583143999636103,1.18769367765948
565,0.6925818543177579,-0.0469084582105005
566,-1.2564446319174187,0.1471019794720995
567,-0.0,-0.3774702474967483
568,0.383127612218499,1.4898078200244806
569,1.774910702508069,-0.26876339806865646
570,1.3927572383467077,-0.8836936043054971
571,-0.4574084521575441,0.04000266714678156
572,0.36757923212356064,0.2668739566126422
573,0.5200385989089169,-0.037418756845052345
574,-0.03162409436562762,-0.06000900364695427
575,-0.18681913955500012,-0.037418756845052345
576,0.21347789281843746,0.08369042447459077
577,2.0061156891236465,-0.044725087168733454
578,-0.7151422072910205,-0.09595343661503745
579,-0.2599610137762813,-0.05292120158645468
580,0.30448992672827807,0.05831778262488458
581,-0.8341601820697602,1.0380511399364083
582,1.5586960315152751,0.12007211689055672
583,-0.06783630602888531,0.07617614786314257
584,-0.651953580207931,0.27911368120614205
585,-0.1645021873823577,0.044725087168733454
586,0.5028762210551178,0.028285214141364843
587,0.1740008932931967,0.19265162733112273
588,0.6858199919801489,0.06783630602888531
589,-0.2626704976882661,-0.12090408592752845
590,2.3708593526344335,-0.20332790159446776
591,-2.5944220557238293,0.0
592,0.21488932711016984,0.20133740532573377
593,0.738617582806433,-0.11141290122941687
594,0.23072874061649543,-0.12007211689055672
595,-0.20676579724966626,0.0692958961970235
596,0.29362847243631013,-0.07485061981293262
597,0.9251685203330168,-0.12090408592752845
598,0.22317343045014135,0.34076282190779345
599,-0.7902045474196735,0.5450526401301797
600,-0.12336649646075368,0.35599549441822526
601,-0.5567064516444866,-0.0
602,0.8228972973264502,-0.17799878013481657
603,-0.2970640603410084,0.07350123639177734
604,2.233182293296686,-0.05477910459422107
605,2.3564677802059526,0.2649713659834695
606,-1.788921907731393,0.03162409436562762
607,-0.5647919040470604,-0.03464274843605503
608,-1.3757622151494007,0.0
609,1.960160222910842,-0.8769486089696251
610,-0.24556551751529213,0.12173039652915929
611,-0.37719883571004376,-0.18135613443226578
612,-1.168209132608236,-0.03162409436562762
613,-0.3064848861256649,0.5250477653923477
614,-0.020000333348333125,-0.020000333348333125
615,-1.4077752139966597,-0.2130053682596448
616,-1.5851968245053403,-0.04242958949623217
617,0.07212665871195886,0.2823620215048107
618,1.271445463982616,-0.07212665871195886
619,-1.0939270291144008,0.25564656651572326
620,0.9697569535573911,0.024495509841604958
621,2.6213528478158032,0.028285214141364843
622,-0.6941464858523091,0.014142253477512098
623,-1.2829372967063803,0.04899469515834575
624,-0.7140740291876402,-0.08248549466933483
625,1.3338863906359666,0.020000333348333125
626,-0.0469084582105005,0.21629169242037988
627,1.2592824521169645,-1.7927133100228911
628,-0.05831778262488458,0.7467504809893682
629,-0.3264086251540556,-0.33381267411130283
630,-0.3774702474967483,-0.09699161085377335
631,-2.3828476011048743,-0.024495509841604958
632,0.19055113095391613,-0.3165982518995229
633,0.2649713659834695,0.17629638681133347
634,0.15246308602121755,-0.024495509841604958
635,-1.775727731041453,-0.2472055324783492
636,-0.22135888240354237,-1.391436201627132
637,0.16389041501823667,0.20529936385294065
638,-0.3143421044892443,0.014142253477512098
639,-1.3203875577284034,3.053246316487347
640,1.7476162754471138,-0.35166641143500804
641,-0.12736529104330555,-1.4503049862048907
642,1.8225471773152657,-0.03162409436562762
643,-0.8041828920807076,0.05657608768384101
644,0.24883495834726072,0.10300182808781205
645,-0.31531093554610834,-1.2908542299070875
646,0.25761643714262183,0.05099572069011084
647,-0.7600522697486125,-0.7707333009553599
648,-0.028285214141364843,-1.5875971171672842
649,-0.8235790989475519,-0.0
650,1.9567037711391377,-0.07876043412820773
651,0.3887066574784346,-0.0
652,0.4815027129746101,0.0
653,-0.14011458617610073,0.014142253477512098
654,2.7265521770208996,0.0469084582105005
655,0.5204409419960475,-1.2722825892812148
656,-1.2466496682988961,0.2048082525719906
657,1.2243047359920245,-0.03162409436562762
658,0.11495453714204225,0.020000333348333125
659,-0.32296045376968296,0.06325609887514339
660,-0.4226626048043045,0.05099572069011084
661,-1.467311721802777,0.09801882393496102
662,0.7253006748277426,-0.03464274843605503
663,0.25366173607545534,-0.024495509841604958
664,-0.360558308856993,0.05099572069011084
665,-0.4165259688450767,0.0
666,0.06634466278829072,0.04000266714678156
667,0.14224660000868797,-0.27324603799606223
668,1.3209036201150703,0.34933655479479053
669,0.3197946319043285,-0.1415394733244273
670,-0.9684226024983102,0.014142253477512098
671,-2.5764271955285567,0.3656263577017415
672,-1.230146127525525,-0.05099572069011084
673,3.1133074394484286,-0.0
674,0.037418756845052345,-0.1140793925104981
675,0.2209029549542397,0.06634466278829072
676,-1.5171706284480353,0.044725087168733454
677,-0.6451659284796947,0.05831778262488458
678,0.0692958961970235,0.2218138880441144
679,-0.7571448903958518,-0.0
680,0.20918733409607557,0.19160422223875498
681,-0.05657608768384101,-0.05099572069011084
682,-0.12090408592752845,-0.5456309975874084
683,-0.9963143460074859,-0.10492901480724003
684,0.2816433203082061,-0.13276247241032277
685,1.0850143637045415,0.020000333348333125
686,0.1675278434993336,-0.0469084582105005
687,0.5966901011878459,0.10396987073734923
688,0.5895337357888774,-0.014142253477512098
689,-0.5010056165113707,-0.1663241252726807
690,-0.4932471854720083,0.26305534073805126
691,-0.8892431152317797,-0.0
692,-1.2710268202552744,-0.014142253477512098
693,-0.2560417263350325,0.07617614786314257
694,0.8475790797804609,0.0
695,-0.1357508112513513,-0.1894922586631351
696,0.07876043412820773,0.03464274843605503
697,-0.20578931958546742,-0.11668522333218645
698,-0.3703519978368679,0.05831778262488458
699,0.6361315015077144,-0.39081211020534645
700,0.7289112723110429,-0.05099572069011084
701,-2.42523127767037,-0.0692958961970235
702,-0.22497358537392728,0.1304765805492272
703,-3.025769555178749,-0.04899469515834575
704,0.0,2.2343241705140047
705,-1.8449164330121026,0.08369042447459077
706,-0.6862935582684674,0.23847221332777646
707,0.4408248952457564,0.20183684454054424
708,1.3014514404731434,-1.4470809809523457
709,-0.713768593589643,-0.06000900364695427
710,-1.5016412184079857,-0.09699161085377335
711,0.1393967170116954,-0.3197946319043285
712,-0.15954292888895208,1.6390493068549854
713,-0.4612429504523542,-0.03464274843605503
714,0.4024606099368852,-0.0
715,-0.21998831168738475,-0.49577562238631434
716,0.15636423944673383,-0.5956214692166973
717,-1.3695404670142346,0.03464274843605503
718,-1.138562756267651,0.037418756845052345
719,-0.0949039414973622,0.014142253477512098
720,-0.1722594057539135,0.21347789281843746
721,0.0,-0.014142253477512098
722,2.0178382019845955,-0.3807128203684722
723,-0.18519696790474272,-0.12657558596272397
724,0.06165390452676007,0.19678619451647922
725,-1.0607702558396497,0.0
726,2.577174523908867,0.2754606772936258
727,-0.4231499195161911,-0.32296045376968296
728,1.9991788205951917,0.014142253477512098
729,1.1208691050393729,-0.037418756845052345
730,-1.9644876982409145,0.028285214141364843
731,-0.7387661003120158,-0.03464274843605503
732,-0.8869231199228294,-0.13648773466080505
733,1.2455945429102095,-0.03464274843605503
734,1.124641446809692,0.42436590579904315
735,-0.274724397834132,0.23719886669318815
736,-0.2463868618217987,-0.04000266714678156
737,-0.22497358537392728,-0.014142253477512098
738,-0.5500469135651386,0.037418756845052345
739,0.6121751624978394,-0.3697990317459913
740,-0.440355933001925,0.03162409436562762
741,-1.283458712360256,0.2695155549228409
742,1.3621865679530127,-0.05099572069011084
743,-0.22542141565763818,-0.06783630602888531
744,-0.2591817919744579,0.09699161085377335
745,2.4038666851365442,-1.4073698257940754
746,-0.014142253477512098,0.09058481919024744
747,1.7692973386884345,0.21394938963805799
748,-0.2611255850110362,-0.014142253477512098
749,-0.1857392477529288,0.0
750,-3.0405546319812706,-0.020000333348333125
751,0.9703630732143733,0.16079695771890434
752,2.0530759633872164,1.9621066303134067
753,-2.354771698272206,0.12970571624826369
754,1.0059334479660638,0.21535778110397366
755,0.9046001279254076,-0.07747904492388095
756,0.024495509841604958,-0.07617614786314257
757,-0.0938427456757846,-0.0469084582105005
758,-0.41155469190450283,1.181000030320636
759,0.3143421044892443,-0.7006861148053726
760,0.8556869532500783,0.020000333348333125
761,-0.2615126491603084,0.17799878013481657
762,1.3521585816142585,-0.06000900364695427
763,0.9948842168524419,0.037418756845052345
764,-0.10775542078717872,-0.0
765,0.23847221332777646,-0.1582790499248209
766,-1.0757186533943266,0.32359003032227485
767,2.0036907675056677,0.04242958949623217
768,2.522835559731228,-0.020000333348333125
769,-2.019280374518536,-0.0
770,0.037418756845052345,2.0546568608142866
771,1.3311078711843547,-3.045639216974756
772,1.0143170043052963,-0.1557207803105392
773,-1.954114616555991,0.020000333348333125
774,-0.1249812877532134,0.12255116315500007
775,-0.6994443946613531,0.21441986549960387
776,-0.6471588641765522,-0.531396997505471
777,0.3865903245822952,-0.3458135538302547
778,-0.3328958442112158,0.19160422223875498
779,0.27324603799606223,-0.037418756845052345
780,0.22985254871227762,0.3464031078399192
781,0.4050060838442388,0.36310078362465215
782,0.3534041404618574,0.028285214141364843
783,-1.1095103972151275,-0.21535778110397366
784,-1.5792964291523912,-0.8248052580819664
785,-0.772024318759751,-0.05292120158645468
786,-0.5981123343980836,-0.014142253477512098
787,0.3490442743807244,-0.1471019794720995
788,0.743653684300914,0.15114050475410104
789,-0.1900224234627107,1.1123002625702718
790,2.343676422495676,-0.5941939997307757
791,-0.8016807911881069,-0.13722072506309496
792,-1.3078776840704105,-0.16017116006731824
793,-1.9839503927010596,-0.272503926130514
794,-0.8651840829972006,-2.066555996833058
795,-0.27435553591669054,0.3273429548416514
796,-0.020000333348333125,-0.49724509883251
797,-0.4603433840536454,0.6180671318552149
798,0.1663241252726807,-0.10004171361154007
799,1.5617962052904677,0.07617614786314257
800,-0.11495453714204225,0.1068215637959927
801,-0.9427067614608736,-0.03464274843605503
802,0.08604979861210656,0.12657558596272397
803,-0.7559794324781017,-0.21110485435582224
804,-1.2155727420467985,0.403735242784931
805,0.26305534073805126,-0.08248549466933483
806,0.30846734768979195,0.04242958949623217
807,2.378063221881095,-0.17050030965300728
808,0.2706399658789166,-0.0692958961970235
809,-0.38044361047556685,0.0
810,-0.24964576524113105,-0.1140793925104981
811,0.12815015596314205,-0.12336649646075368
812,0.06165390452676007,1.4998367918863598
813,1.032702636582542,0.2859291535516261
814,-0.37365340189477037,-0.26420658436860583
815,0.1357508112513513,0.07350123639177734
816,-0.4614675877298795,0.30315288867619855
817,-0.24141773270237576,0.5738816042092035
818,-0.2172216511064225,-0.5922262898547882
819,0.5521476644966027,-0.6130447205745165
820,-0.8095835535175849,1.3689280690378982
821,-0.17856267566674963,1.0337504207048906
822,-0.179685214256517,0.05657608768384101
823,0.9409754648670474,-0.7039369710987866
824,0.16266002985708572,-0.08487829022786185
825,-0.28663739712945074,-0.028285214141364843
826,-0.252863536299927,-0.06000900364695427
827,0.07350123639177734,0.20627812800494127
828,0.12893026911800431,-0.2611255850110362
829,1.4657029810713142,0.5746179743824429
830,-0.0,-0.08834633710244608
831,0.7039369710987866,-0.24597652554724064
832,-0.17342232109560457,0.07350123639177734
833,0.8592574820017457,-0.09903541693516447
834,-0.1910783932351501,-0.1357508112513513
835,2.1785197676304575,0.1357508112513513
836,-0.4291974898306898,0.09168362228066593
837,-0.36450594425913074,0.19678619451647922
838,0.2841510336814866,-0.6939901551419768
839,0.037418756845052345,0.13500989043024517
840,1.370662998127124,-0.014142253477512098
841,-0.9667225644239044,-0.037418756845052345
842,-2.513585537382705,-0.04000266714678156
843,-2.614354532738807,-0.2472055324783492
844,0.19729700053579027,-0.037418756845052345
845,-2.1659065110239504,-0.044725087168733454
846,-0.48494626400781826,-0.11050983462600854
847,0.5629208198209602,2.117530208435846
848,-2.0035806084673013,0.03162409436562762
849,-0.5049472377027211,-0.05292120158645468
850,-1.3374854064047434,-0.17686565285763697
851,-0.5498555793459853,-0.1632763710855716
852,-0.6995997098439198,-0.0
853,0.0,0.08947256020449472
854,0.7019260096091612,0.06000900364695427
855,0.1614203501484288,0.17743311153641544
856,-0.26838654834712694,0.06634466278829072
857,-2.6445572362020213,0.5109098058220072
858,-1.082071928823678,-0.47607624165239354
859,-0.851573752059082,-0.024495509841604958
860,-0.6547503171436757,2.7320423920364916
861,0.037418756845052345,0.08487829022786185
862,0.19882164684879244,0.014142253477512098
863,0.48644575863575307,0.0949039414973622
864,-1.2954294605422845,0.014142253477512098
865,-0.639657919274239,-0.14913481150507227
866,-0.1393967170116954,0.07876043412820773
867,-0.09276944761291361,-0.7930155680598899
868,-2.7654813297626766,-0.06783630602888531
869,0.10202463355852458,0.12657558596272397
870,0.4248513848689805,-1.5802964696965336
871,-0.05831778262488458,1.8528200588209665
872,0.34076282190779345,0.014142253477512098
873,-0.34787279763217055,0.06783630602888531
874,-0.014142253477512098,0.12417650347290973
875,-1.1574238762130244,-0.19160422223875498
876,-1.335737700525506,0.5438942667980354
877,-0.24141773270237576,-0.4799890049733736
878,0.08002134870797761,-0.0
879,-0.2130053682596448,-0.03464274843605503
880,-2.6045003406125513,0.037418756845052345
881,0.6928950164611144,0.175152362064083
882,-0.09699161085377335,0.19678619451647922
883,-0.302482222014808,-0.0
884,0.34225576221352655,0.5145790047496124
885,-0.566657479402885,-0.04242958949623217
886,0.08126274175655326,0.24225285838803284
887,3.0886714520033385,-0.10396987073734923
888,0.43231084448262574,-0.014142253477512098
889,0.20183684454054424,-1.1394436032693265
890,-0.1450408675118469,-0.10202463355852458
891,0.7323577809799442,0.9838752347851473
892,-0.06165390452676007,-0.2702656693040862
893,0.45695537014569243,-0.383127612218499
894,0.2869908814914456,0.44664810517274084
895,-2.495761827741788,-0.3697990317459913
896,0.2611255850110362,0.13200488134077892
897,-0.20966833395762913,0.06325609887514339
898,0.15700508293439155,-0.32672035461420695
899,0.48063827503762735,-0.30912543255216157
900,0.20676579724966626,-0.3582838517650507
901,1.1886638287960793,0.09058481919024744
902,0.15442588416659223,0.07876043412820773
903,0.0,-0.4473421353991253
904,0.21629169242037988,0.05099572069011084
905,0.5536709945708077,0.4289571236631358
906,-0.23847221332777646,-0.05477910459422107
907,0.06165390452676007,-0.6774078985258423
908,-0.16990993689494324,0.04242958949623217
909,-0.36450594425913074,0.3004615162866598
910,0.044725087168733454,-0.020000333348333125
911,0.13794984515377073,0.2691397328745526
912,0.4625892556269057,0.1140793925104981
913,0.6130447205745165,-0.0938427456757846
914,0.5523382866116152,0.10396987073734923
915,-0.32421842723818234,0.16990993689494324
916,-0.34522303353582123,0.18896062428748195
917,-0.19160422223875498,-0.07212665871195886
918,-0.05657608768384101,-0.25564656651572326
919,0.43087653185758135,0.0469084582105005
920,0.9040912355497019,0.044725087168733454
921,-0.0,-0.03464274843605503
922,0.17050030965300728,-1.7291573998780208
923,0.8507759383288562,0.03464274843605503
924,0.27361635796549844,-0.0
925,-0.12736529104330555,-0.0
926,-1.4127390477938633,2.0393541323413817
927,-0.06481875364241477,0.32359003032227485
928,-0.7062514093945347,-0.08126274175655326
929,0.3758389776450734,-0.5568956760098671
930,1.2213262116136394,0.020000333348333125
931,-2.8465852851639,0.1393967170116954
932,2.7782104224974153,-0.0
933,-0.6586814005915919,0.10587950213237296
934,0.9505937764245846,0.19576063579821767
935,-0.7274086365889448,0.08126274175655326
936,-1.97817076561373,-0.014142253477512098
937,-0.5714825846318095,0.5469783607530709
938,-1.1611335836897767,-0.0
939,-0.11141290122941687,-0.2611255850110362
940,-0.8772087295251649,0.09903541693516447
941,0.4370600313986038,-0.15891223532055967
942,1.931358164744383,0.03162409436562762
943,0.32453218547646995,-0.17050030965300728
944,0.09699161085377335,-0.09168362228066593
945,-1.2399960714457716,-0.24802155596947784
946,0.1900224234627107,0.31820031907435087
947,-0.4233933792318536,0.08369042447459077
948,-0.08720560886095623,0.37447441699334055
949,0.21205720842323728,-0.18465311382502114
950,-0.3799046462831707,0.0938427456757846
951,2.331042693967977,0.8755169381730492
952,1.3279153894098017,-0.16571901794747013
953,0.7537903055759,-0.014142253477512098
954,-0.5433142473551481,0.020000333348333125
955,-0.25445748578332594,-0.09058481919024744
956,0.15891223532055967,-0.044725087168733454
957,-0.4921901541854345,0.024495509841604958
958,3.0292839171909294,-0.1450408675118469
959,1.0220711341214215,0.1175410535333189
960,0.13722072506309496,-0.04899469515834575
961,-0.8127555613686607,-0.260349769837209
962,-0.4928246226361065,0.08834633710244608
963,-0.5536709945708077,0.06481875364241477
964,-2.6401707956166116,-0.353115088009999
965,-0.3923841652634414,-0.0
966,-0.4424626055292136,-0.0949039414973622
967,-3.127450400112281,0.10396987073734923
968,-1.2286603839141605,-0.11839072552777699
969,-1.827506592224618,-0.028285214141364843
970,-0.6263030845242117,0.037418756845052345
971,-0.31563324036606594,0.0938427456757846
972,0.6263030845242117,-0.04899469515834575
973,-0.024495509841604958,0.27983870714867987
974,0.4614675877298795,0.07072541780250705
975,-0.25206286317225746,0.10300182808781205
976,-0.37337934790240723,-0.037418756845052345
977,-2.5923114356442083,-0.33381267411130283
978,-1.1581881311525277,-0.11050983462600854
979,0.024495509841604958,-0.11668522333218645
980,0.4253363435249086,0.25564656651572326
981,-0.8879547693708074,0.014142253477512098
982,2.7765260920479466,0.1620413651170945
983,1.887672727748996,-0.239738924836788
984,-2.361146931169877,0.07072541780250705
985,2.446352673621788,-0.04242958949623217
986,-1.7406113136142825,0.08248549466933483
987,1.109622065960143,-0.014142253477512098
988,2.3481561039264305,-0.06634466278829072
989,-0.16389041501823667,0.014142253477512098
990,-0.43540333257051134,0.0
991,0.3820561631672816,-0.08487829022786185
992,-0.7724542776640982,-0.17342232109560457
993,-0.6151272886721263,-0.19983170004693926
994,-0.7623717849868046,-0.8774687938390783
995,0.024495509841604958,0.14011458617610073
996,-0.6376448784289712,0.044725087168733454
997,-0.15700508293439155,0.6191018242458597
